"","PFS","v1_Correlation1_average","v1_Cluster.Prominence_average","v1_Cluster.Shade_average","v1_Dissimilarity_average","v1_Angular.Second.Moment.or.Energy_average","v1_Entropy_average","v1_Homogeneity2_average","v1_Maximum.Probability_average","v1_Sum.of.Squares.or.Variance_average","v1_Sum.Average_average","v1_Sum.Variance_average","v1_Sum.Entropy_average","v1_Difference.Variance_average","v1_Difference.Entropy_average","v1_Information.Measure.of.Correlation1_average","v1_Information.Measure.of.Correlation2_average","v1_Homogeneity1.or.Inverse.Difference_average","v1_Inverse.Difference.Normalized_average","v1_Inverse.Difference.Moment.Normalized_average","v1_Autocorrelation.1_average","v1_Contrast.1_average","v1_Correlation1.1_average","v1_Cluster.Prominence.1_average","v1_Cluster.Shade.1_average","v1_Dissimilarity.1_average","v1_Angular.Second.Moment.or.Energy.1_average","v1_Entropy.1_average","v1_Homogeneity2.1_average","v1_Maximum.Probability.1_average","v1_Sum.of.Squares.or.Variance.1_average","v1_Sum.Average.1_average","v1_Sum.Variance.1_average","v1_Sum.Entropy.1_average","v1_Difference.Entropy.1_average","v1_Information.Measure.of.Correlation1.1_average","v1_Information.Measure.of.Correlation2.1_average","v1_Homogeneity1.or.Inverse.Difference.1_average","v1_Inverse.Difference.Normalized.1_average","v1_Inverse.Difference.Moment.Normalized.1_average","v1_Short.Run.Emphasis_average","v1_Long.Run.Emphasis_average","v1_Gray.Level.Nonuniformity_average","v1_Run.Length.Nonuniformity_average","v1_Run.Percentage_average","v1_Low.Gray.Level.Run.Emphasis_average","v1_High.Gray.Level.Run.Emphasis_average","v1_Short.Run.Low.Gray.Level.Emphasis_average","v1_Long.Run.Low.Gray.Level.Emphasis_average","v1_Long.Run.High.Gray.Level.Emphasis_average","v1_Coarseness_average","v1_Busyness_average","v1_Complexity_average","v1_Texture.Strength_average","v1_Skewness_average","v1_Kurtosis_average","v1_Entropy.2_average","v1_Relative.Dispersion_average","v1_Mean.SD_average","v1_Short.Zone.Emphasis_average","v1_Large.Zone.Emphasis_average","v1_Intensity.Variability.or.Nonuniformity_average","v1_Size.Zone.Variability.or.Nonuniformity_average","v1_Zone.Percentage_average","v1_Low.Intensity.Zone.Emphasis_average","v1_Low.Intensity.Short.Zone.Emphasis_average","v1_Low.Intensity.Large.Zone.Emphasis_average","v1_Short.Run.High.Gray.Level.Emphasis_average","v1_Contrast.2_average","v1_Maximum.Intensity_average","v1_Mean.Intensity_average","v1_Variance_average","v1_Standard.Deviation_average","v1_High.Intensity.Zone.Emphasis_average","v1_High.Intensity.Short.Zone.Emphasis_average","v1_High.Intensity.Large.Zone.Emphasis_average","v1_Correlation1_difference","v1_Cluster.Prominence_difference","v1_Cluster.Shade_difference","v1_Dissimilarity_difference","v1_Angular.Second.Moment.or.Energy_difference","v1_Entropy_difference","v1_Homogeneity2_difference","v1_Maximum.Probability_difference","v1_Sum.of.Squares.or.Variance_difference","v1_Sum.Average_difference","v1_Sum.Variance_difference","v1_Sum.Entropy_difference","v1_Difference.Variance_difference","v1_Difference.Entropy_difference","v1_Information.Measure.of.Correlation1_difference","v1_Information.Measure.of.Correlation2_difference","v1_Homogeneity1.or.Inverse.Difference_difference","v1_Inverse.Difference.Normalized_difference","v1_Inverse.Difference.Moment.Normalized_difference","v1_Autocorrelation.1_difference","v1_Contrast.1_difference","v1_Correlation1.1_difference","v1_Cluster.Prominence.1_difference","v1_Cluster.Shade.1_difference","v1_Dissimilarity.1_difference","v1_Angular.Second.Moment.or.Energy.1_difference","v1_Entropy.1_difference","v1_Homogeneity2.1_difference","v1_Maximum.Probability.1_difference","v1_Sum.of.Squares.or.Variance.1_difference","v1_Sum.Average.1_difference","v1_Sum.Variance.1_difference","v1_Sum.Entropy.1_difference","v1_Difference.Entropy.1_difference","v1_Information.Measure.of.Correlation1.1_difference","v1_Information.Measure.of.Correlation2.1_difference","v1_Homogeneity1.or.Inverse.Difference.1_difference","v1_Inverse.Difference.Normalized.1_difference","v1_Inverse.Difference.Moment.Normalized.1_difference","v1_Short.Run.Emphasis_difference","v1_Long.Run.Emphasis_difference","v1_Gray.Level.Nonuniformity_difference","v1_Run.Length.Nonuniformity_difference","v1_Run.Percentage_difference","v1_Low.Gray.Level.Run.Emphasis_difference","v1_High.Gray.Level.Run.Emphasis_difference","v1_Short.Run.Low.Gray.Level.Emphasis_difference","v1_Long.Run.Low.Gray.Level.Emphasis_difference","v1_Long.Run.High.Gray.Level.Emphasis_difference","v1_Coarseness_difference","v1_Busyness_difference","v1_Complexity_difference","v1_Texture.Strength_difference","v1_Skewness_difference","v1_Kurtosis_difference","v1_Entropy.2_difference","v1_Relative.Dispersion_difference","v1_Mean.SD_difference","v1_Short.Zone.Emphasis_difference","v1_Large.Zone.Emphasis_difference","v1_Intensity.Variability.or.Nonuniformity_difference","v1_Size.Zone.Variability.or.Nonuniformity_difference","v1_Zone.Percentage_difference","v1_Low.Intensity.Zone.Emphasis_difference","v1_Low.Intensity.Short.Zone.Emphasis_difference","v1_Low.Intensity.Large.Zone.Emphasis_difference","v1_Short.Run.High.Gray.Level.Emphasis_difference","v1_Contrast.2_difference","v1_Maximum.Intensity_difference","v1_Mean.Intensity_difference","v1_Variance_difference","v1_Standard.Deviation_difference","v1_High.Intensity.Zone.Emphasis_difference","v1_High.Intensity.Short.Zone.Emphasis_difference","v1_High.Intensity.Large.Zone.Emphasis_difference"
"1",-1.25201246122329,1.20900772213951,2.78744420190208,3.33708027295999,-1.41990283357025,2.77858792579105,-2.9614624340787,2.65485808921158,2.14691105362761,-0.646040386352028,-1.56881038852375,-0.429477832025283,-3.12333697647374,-0.400017224717679,-3.106480916937,-1.34170292487965,-2.83665281703173,2.65572719485976,1.78212704115347,0.777983567277752,-0.732807122836848,-0.239878642904933,1.22870816793092,2.89646454037319,3.45970331800677,-1.28703065669281,2.83776687586765,-2.86209484706919,2.8259431108105,2.22566416189506,-0.647188326591259,-1.54408846534543,-0.469631053763001,-3.10048887068011,-3.3407186774213,-0.322227497691205,-2.6136331527346,2.78888168652822,1.76363043293721,0.652751246920504,3.0877508707006,-0.290794207639051,-0.611352273075471,0.947485714571108,-0.707417088093287,-3.4051548263292,3.02447860371995,0.530366071044528,-1.59539068207883,2.03897897609809,-0.602963154476372,2.85455232872087,-1.4358662665489,1.12782215207677,2.31863484882355,1.68662905857363,-0.821565537635843,3.78922742404279,-2.65593991779873,3.30147056282894,0.558121064911,-0.654604158642082,-0.455334620120919,-1.52184590100297,-2.45365491380026,1.17934590890161,-1.64223994951174,0.508556401941637,-0.700452046068977,0.335646272106456,-0.862604834477395,-0.288375688178997,-0.102886175842657,0.608581024565663,0.526901830229882,-0.295814136907989,-0.482101366325698,-3.27485320207491,-2.62741722359044,0.54076632143428,-3.52876133708365,3.10384544122519,-2.09002095158439,-3.13059282840624,-0.322338402909468,0.575563858452413,-0.510357506737271,3.3768825798061,-0.414427049928075,2.11668054618375,1.74515017240276,2.59735803846619,-2.08558959904576,-0.899721258941057,0.0853363570177854,-0.185396543804897,-0.534969906667801,-0.65609045598255,-3.35689640634688,-2.70097186428574,0.459351504989144,-3.52751318693332,3.11590899636157,-2.37678483000007,-3.17306364957945,-0.331456128121767,0.5293082220813,-0.483723872876501,3.21943363975025,2.63014234122806,1.0314750484261,1.80262149064398,-2.32197680878858,-0.937375710065004,0.171723627598225,-2.55387527200166,-0.711271462276099,0.793153536114343,-0.355231561956128,1.79153647376737,2.66117030980664,-3.23562247514426,0.213339569859465,0.57812922165839,-2.96527596598176,2.39617422133319,-3.21787809761665,0.50492868502182,0.00837764022029486,-1.48085064202112,-1.23432129264166,0.214239000274582,-3.12439110089821,1.89481547846965,-2.71999748883901,-1.44540945203728,0.510127578194077,0.485069808553158,1.29094726517498,1.75236627532267,0.688334371655893,0.640377459438065,-0.938931833354925,0.341886552482581,-1.15999436075835,-0.170836465080925,-0.563986714902299,-0.928220476808503,-0.722923970618909,-0.859109473227247,0.067612446119181
"2",-0.0480396568973536,0.275985731197453,-0.622157404438487,0.142943060499774,-0.488368444104671,0.23575619534475,0.192909832592747,0.447296744232394,0.621213884874187,-0.684920366762057,-0.643567607750936,-0.664504546077655,-0.204270397259731,-0.530900485936623,-0.196384536388273,0.783725432515412,-0.558652999849363,0.46128195704952,0.458314376916888,0.511199019061216,-0.644067127204778,-0.633118171355105,0.461156756772634,-0.62829431055044,0.103920390264143,-0.617002695229335,0.329577770194281,0.236663041534193,0.602657730038785,0.840403161668684,-0.677475416609598,-0.641452036694004,-0.651698152706305,-0.245218775717201,-0.229161399442984,0.776485893166287,-0.735130410255188,0.616202129452683,0.593907744689796,0.616343452581079,-0.798565096237412,-0.495609522464627,1.63940837742991,1.05090121185759,1.39779168803082,0.104597573257053,0.278558617897998,-0.924931462471385,-0.437779203345411,-0.421599189866921,0.35106765457023,-0.333147223983591,0.361694340372128,0.700722481120578,0.107564742558597,-0.256554151990127,0.294178377349466,0.045939984583371,-0.332063709397896,-0.624658656287152,-0.552473021197229,1.74031667570252,1.4443865000035,-0.619458759683818,0.114937991999253,-0.312240891094091,-0.449746416393568,0.841335159019094,-0.576143680206928,-0.0440829175319304,-0.27228694581266,-0.433655721150041,-0.306251193448163,0.240422921980955,0.69441819130347,-0.366935409471439,0.251373223841379,0.183308394515347,0.417833979633577,-0.494718639686388,2.91937426548878,-1.84703651480761,1.17996499499874,1.97809654989505,-0.492292070193823,-0.722978748601933,-0.432716413817305,-1.91971429014637,-0.308478512646844,-1.33677509753741,-1.10194263364966,0.0124065054167705,1.14601532073971,0.583680253570612,0.329233042177837,-0.491537491850051,-0.245550221019531,0.104120107582484,0.152675274100505,0.448169073753547,-0.515053162159085,3.16301059282584,-1.74656778667476,1.3345155493822,1.99323701332779,-0.510126630813212,-0.743408432809786,-0.454813914064815,-1.65177071181529,-1.49858061876259,-0.907035539524967,0.371056696729724,1.29487914991929,0.643271302888994,0.319786196597662,0.732989967647524,-0.480297374490607,-1.27661443014421,-0.0676036376705421,-1.17181895099041,-1.07380982518904,3.05899361760039,0.250485858670614,-0.551796490541402,-0.240765418893296,-0.237735554233949,0.189506803722471,-0.946301406343842,0.885766988790892,1.17763418001588,1.45549504530015,-0.75170329492426,1.71420673921005,-1.10579364028065,0.276593214511636,-0.426937875501428,-1.17867768309966,-0.529788460987771,-0.775168513082282,0.0569853702296085,1.03097856488103,-0.534135465377576,2.81521153301544,0.210067028963801,1.04051184426225,-0.136548656526352,0.405677693443548,0.512171736105718,2.48306585602637,2.66823597631031,1.44365912282134
"3",-0.0993329512849037,0.291323552401273,-0.669478558895756,0.693435889896353,0.521038401290945,-0.261372991035133,0.150717151710857,1.16479500225461,-0.567156279880945,-0.145134560920561,1.1656888764433,-0.431672628592468,0.219405160331276,0.305700052662256,-0.286132053001023,-0.796307241568098,-0.0274617091393145,0.584946972652893,0.768301083606086,0.73057863048974,0.249103416207623,0.343865555660772,0.0637666612257855,0.629341613615774,-0.315892150015836,-0.126391727389445,-0.40135734137984,-0.404170466505765,0.030522771100209,-0.140923419320196,-0.833358430054002,-0.636563636430265,0.148283644720568,0.242558639053321,0.323407346380708,-0.38087112158441,0.523277652620032,0.125147690592163,1.33909998859257,0.595060284289094,-0.636418216135708,-0.324022834383814,0.361874164983335,-0.087264359653983,-0.546086293403509,-0.185842008418771,0.34951263257251,-0.655887486135448,-0.629675099314245,0.166211150956734,-1.0585218004493,-0.131531747703675,0.0960784950737255,0.205801442014593,-1.06340217365983,0.456002865324947,0.684036017903329,-0.179675481432848,0.420344774169247,-0.444121229883447,0.319313535192461,0.613064771439147,-0.422349469224306,-0.264778994414471,-0.569814260501395,0.00269279351082496,-0.192017663533007,-0.0433235886569406,-0.230331759358548,-1.4223802761745,-0.324025506653206,-0.487558095038862,-0.663039988930818,-0.559514869960914,-0.576234188576287,0.314976417354146,-1.29074597380589,0.335938076847424,-0.132658849763002,-0.351704870022805,0.977469163204184,1.37702515340484,-0.457213346610788,-0.594683968050355,2.13182878653294,-1.61831972062314,0.259014718962347,-2.34338984773738,-0.00387134300410497,0.739916181903645,0.721341947491518,-2.27303797736235,1.17722593003192,-4.55710402252687,-1.31300872259532,-0.461163832629078,-0.650754499284123,-0.567628341709715,-0.595213562794631,-1.50160719044058,-0.110797533050629,-0.54812435062505,0.581042780603848,-0.699491181999504,-0.566610762086809,1.35126736145952,0.425087682278898,-0.808895715458487,0.109116242818356,-1.97007094065776,0.25032147522573,1.41096674134399,0.752285419031542,-1.14546465499776,-1.25292241814008,-0.0897414249622686,2.98617829232968,-0.763157860173629,1.09527983605303,-1.00876860149382,-0.371030235609803,-1.43094938070311,0.189381947540654,-0.359900594572568,-0.455910710548785,1.48276645634161,-0.39655803266809,0.905963076566415,-0.508794955867544,3.72517517771664,-1.07398056150793,-0.72439360418632,2.29319238039386,1.19378955499208,0.096055788107931,-0.00103190381045348,-0.947294528486393,0.422386269608594,0.0338803585864821,0.814661971605003,2.33867181195107,1.3994512928084,0.71615710432087,0.021519971553219,1.53472363242626,-0.47403539629791,2.04948139149792,-0.257161726793279,-0.00632153341255293,0.023848307274255,-1.32869475496329
"4",-0.0233470443069823,-0.606856111757183,-0.881999474341386,0.002039404748487,-0.282619836305289,0.210075085459496,-0.533751673758098,0.220350126620286,0.34507109791045,-0.875074977531006,-0.820497043489941,-0.880534099835717,-0.543561425342934,-0.375760737579704,-0.255529122460498,-0.036196771315458,-0.108003298131805,0.230892175072885,0.248995709121189,0.345119559895624,-0.887323554294963,-0.438577388675353,-0.923284976029956,-0.887205433127691,-0.011830305307324,-0.251867764170452,0.00515877111150601,-0.393591308067896,-0.062952254072043,0.0946326183866427,-0.841430379457782,-0.777519466671599,-0.865015380371748,-0.499827868835795,-0.036284815557653,0.239913623333186,-0.267287796270458,-0.0305623361606275,0.160190202069616,0.393003313206087,0.698620149781149,-0.945318235269853,-0.770679780562311,-0.607006448175576,-0.856105936270323,-0.408463437696672,-0.131662758648734,0.598270050204146,-0.882134883450359,-0.62917089484921,-0.248867071697106,0.443119701059286,-0.713306569087618,-0.527962926141246,0.344126278660219,0.302136053803608,-0.0081524964718355,0.166446338167594,-0.46425609575509,0.260696173060358,-0.903091258855182,-0.834155315456711,-0.669813121040701,-0.944120951907954,-1.11636636507474,-0.277119398948303,-0.831701029618896,-0.0820289720900383,-0.440419239928976,0.2073007960023,-0.500240767652337,-0.494521408166015,-0.399814420945386,-0.258501580765209,-0.317167312866526,-0.501098009775274,1.26859155291183,1.64957528536218,1.67867568745671,-0.0580040342068375,0.552517710762657,0.391752688593024,0.41500039806566,0.65413739000871,0.683292554220035,0.585353340935802,0.719486943562962,0.558785816579228,0.114683120031854,-0.024648475854079,-0.623523503137865,0.923588838202813,0.384301887279608,0.125888780828978,-0.081175549391707,0.747029804132429,0.266274832631078,1.62910747212069,1.6235642807378,1.64023048372528,0.0146785037303785,0.619837928556399,0.42702091062421,0.448186462817843,0.882614902991791,0.676557180606367,0.566043512520232,0.717734990974984,0.716779480439751,0.136492718649605,-0.625933840192995,1.04065662310408,0.421993036507921,0.100695726426381,-0.192562179271834,-0.582492083413798,0.977976569709789,0.329366878873478,0.174675421482986,0.40953490455557,-0.235034858412451,0.433718289163375,-0.821485712507947,0.876302672721046,0.761727201200032,-0.134111590647074,-0.586760121320406,1.46752866095283,1.18422419074995,-0.301558415739443,-0.632365910585394,0.795956429099929,0.311876360826428,-0.153132471729102,-0.573047875328607,1.15219904852982,0.294784948501723,0.044879031520529,-0.0110601458232474,0.576236508640791,-0.298983007910934,0.941805446507452,0.45604369946353,0.16724100387083,1.24809445292133,1.61209399905294,2.59620214581836,2.24349315695785,0.16876147616249,0.318688992088829,0.517098985876977
"5",0.252064935552984,-0.0715182482843985,-0.333894623353011,-0.0577521317299249,0.567990437549426,-0.0860796034158985,-0.429569461400389,-0.42948837656644,0.10422823029259,0.263411483313372,0.210989451286728,0.259831123760706,-0.149444875578357,0.437377069085279,0.550198268430799,-0.36694825656129,0.244627176781026,-0.403235042904638,-0.574046528518328,-0.529227702515651,0.214950160871411,0.60528355051414,-0.339472855586454,-0.343525362139599,-0.101050799373844,0.815685985910562,-0.235279988768421,-0.508880583423027,-0.44447341779254,-0.14963687639833,0.315738270303403,0.276432485559794,0.277781274769807,-0.098709255807798,0.542811468532612,-0.692776914732948,0.745194055139173,-0.452791114557092,-0.817298589120516,-0.755737391664755,0.650657950202983,0.415843196930294,-0.846874604471329,-0.718879703866945,-1.09026170115339,0.397894688228176,-0.607714226802814,0.41993451195007,0.530954793177735,-0.412111259609408,-1.10050050199667,-0.15456346739017,0.404532028256376,-0.463716109803614,-0.339680840415068,-0.602574520390862,-0.920767170490104,0.038187133544738,-0.296071170635906,0.230273538540026,0.344924706114434,-0.80393429508592,-0.713044130198276,-0.261865061245254,0.194002012877152,-0.498835209858455,0.591606873776925,-1.09605999492452,-0.0682869252883771,-0.487648470940234,-0.394369241029282,-0.572542166613428,-0.529416533860081,-0.582606631413412,-0.775159553650122,-1.00816338225386,-0.14490056991078,1.15965778652485,-0.746352817231166,0.545565733452724,-0.830326519131272,1.25803516849354,-0.88445687546573,-0.931790486095698,1.20236884042925,1.2342358872009,1.16111785446287,1.25779027011089,0.447983392460859,1.08734411560895,0.0375573933816286,0.764613377370764,-0.883030311697461,-0.610726482511892,-0.440388739628745,1.08777699449557,0.51355103039102,-0.389961890014481,0.761188080064793,-0.824109619152705,0.427204094092018,-0.672191811153288,1.08507941587815,-0.74904101564494,-0.800681507223974,1.07836396017992,1.12380832989129,1.04163067084389,0.995637544814503,1.06359640477294,-0.133662264057614,0.669418694071327,-0.761527947067868,-0.460694612605194,-0.400118737142225,-0.704345953889126,0.751840003628546,0.17584244972516,-0.0999353197353774,0.293285232426629,0.777754109354224,-0.232860935351104,-0.0463621871127161,0.702950780647515,1.21526453914189,1.28960886826324,-0.483368987298922,0.154726918264064,-0.193039721040059,-0.621232155915125,-0.089015922508897,0.916762541389726,-1.07012193481098,1.37988589419958,-0.445684258805177,0.722685570745395,0.293828742411476,-0.0620221452613675,1.33861877872306,0.912910883174888,-0.425906193601326,0.615826755498465,0.320039909209949,-0.0243627229229302,-0.459331327266559,0.127269311120574,-0.0557226466308459,-0.0477440268624409,-0.0201944698785781,0.192397482119112,0.512799106059585
"6",-1.05134176576114,-2.61602864129502,-0.485591830979962,0.116892624976699,2.45172927044536,-0.67720389390668,-0.315222817680257,-1.92219215673605,-1.09105238541609,-0.133830660299405,-0.145324654731372,-0.30604608070836,-0.154463639444018,2.03019203366807,1.54883835587896,-1.27582919897407,0.958922816297955,-1.96019489512123,-2.47611609180665,-2.24002105902641,-0.670777615064673,1.28425256214303,-2.38352676519786,-0.614171493440068,0.122704465272042,1.82118848443242,-0.549844340841257,-0.69726725617242,-1.68865669401993,-1.07708431508177,-0.291315064868962,-0.323083735448429,-0.466229582053066,-0.286550048526793,0.866304996861194,-2.05741727793422,1.4862694076724,-1.72838160803183,-1.96232480991764,-1.5212194721008,1.0377976888018,-0.399018800335543,-0.949873115372958,-0.8894572759572,-1.32391813572352,1.2357806479794,-0.689053272693831,2.54601115909463,-0.215814220894683,-0.415557507506012,-1.15314894563279,0.225635765483167,-0.233385640774365,-1.16093771230309,0.404224380324355,0.00683450308076999,-0.879911850084884,0.293315982759612,-0.593825966775729,0.988437949825459,-0.390185591398862,-0.866480475955537,-0.827797895388861,0.998489883539981,1.4908019838005,1.56095576984976,0.132725238167722,-1.12676168032945,0.605895691606309,-0.775435356788223,-0.70156492371855,-0.698799694178024,-0.771271540673409,-0.603948226864332,-0.801650979979602,-1.11987971825802,0.04931016477234,-0.359553010217455,-0.0880564687489466,-2.55126617836963,0.510713573284866,-1.34853184421161,2.17130796570551,0.314709151611264,-0.714102670676109,-0.599580736752712,-0.616600384756456,-1.29527719493269,-1.75875868669916,-2.20484734681251,1.79961807105527,-2.77358125779636,2.18690846784991,2.68853625873802,2.19736307066954,-0.344642906203267,-1.60321358051079,0.322340728970045,-0.486127385240062,-0.250720918242905,-2.23298250367402,0.433479503024228,-1.03398581652084,1.58495134238674,0.31368850451811,-0.637394381356234,-0.462816578056185,-0.49214549529075,-1.39071908406263,-1.84895873192919,2.41309949780537,-2.87883063926992,1.66889073641008,2.37649571506773,1.9675751097341,1.01253541547484,-0.655703305916897,-0.101403670550122,0.0316058165224303,-0.17120249898303,-1.95897491200263,0.0382685802751536,-0.18037300958402,-0.859606060204877,-0.450059568489827,0.16915193975677,0.674229220270321,-1.2426074338272,0.126933977312115,1.49733755698415,2.3055844971065,-0.559142911420476,-0.01979255734267,0.146618792655604,2.72680601654697,-0.563435373794361,-0.331544519115453,-0.155877810426008,-2.13472461660112,-3.85323476819288,-0.92278978302456,-1.00956275484668,0.312829907761853,-0.367115508214377,0.108904891411645,-0.196714286264246,-0.107217153243881,-0.148930175050688,0.08933386253581,0.212551268437092,0.983239539972061
"7",1.26702719493417,-1.01536614423944,0.630509515899143,-1.46423931720221,-0.139953357769462,-0.576716465075921,-0.261552850543214,0.099026709610149,-0.848404780075286,0.4660903852723,0.134234881590195,0.545485006064625,-0.141880691856595,0.135773770061615,0.0025942705163195,0.657854342286978,-0.661809149235748,0.0756480892535985,0.199134211241831,0.0114159743728515,0.502297955582455,0.0765906921389949,-0.771441923544381,0.453956128748809,-1.30232247156027,-0.274968740338825,-0.539203051677007,-0.371776361289108,0.0350781218709125,-0.852979926487294,0.47264283196664,0.145319828835375,0.56837695836337,-0.213651426596586,-0.117503921428232,0.452038219118675,-0.465732373022701,0.045794755517093,0.355778895910751,0.108233960380761,0.133193671002511,0.2707224283308,-0.704772319728415,-0.435716070235819,-0.721448908225024,-0.08631019162048,-0.512708535219349,0.61502390796142,0.23225849470575,1.26608973403369,-0.190686073222184,-0.38279229355173,-0.773549854799052,-1.05292512084763,0.454954050303,1.85434592373838,-0.84012778044615,-0.336949041764632,0.568234565030045,0.157896347642222,0.28951601424869,-0.72306990339781,-0.566615804639818,0.345592054287638,0.222171749492156,0.422099839791698,0.31559869304661,-1.09424665709001,0.132762829702794,-1.06044154857036,-0.463645200228537,-0.771135856999816,-0.938023195410579,-0.518406319691308,-0.74781987967955,3.54864136802615,0.803262167341552,-1.15672419019743,1.22012498760688,0.250276684454414,0.0509693477515321,0.346524571467562,-0.637238816801022,0.509639440938445,-0.590735766545116,-0.072241178623326,-0.718142915694746,0.540312965853973,-0.121023339828825,0.357943213455609,-0.732819636363559,1.03017086646623,-0.583900190442623,-0.354199716554725,-0.0326165911142719,-0.589001471703341,0.00875931850450276,0.363011261772667,-1.01645203233126,1.03077106927629,0.561318426854484,-0.138612688053426,0.548648675387191,-0.785396826315102,0.244964998825588,-0.519867417604552,-0.000375849171171977,-0.678261479377996,0.610426802377629,0.834292408071453,-0.468797943456721,0.883329698510926,-0.74864803248327,-0.733773618976059,-0.235564664942305,0.395587445594828,-0.589311526145793,-0.0385554622885115,-0.302819126146962,-0.101661299335205,0.659041666722264,-0.203672371665343,-0.0335115179180895,-0.537685411382965,-1.70448066130099,0.0412187910355755,0.129309198973283,0.209904201613855,0.290892870506407,-0.721693266361245,-2.1643688377956,0.353246135184264,0.0095603129023995,-0.423869984243448,0.00678731517829301,-0.735752860883721,0.00296137229223203,-0.14271638179319,-0.121920865161962,0.119639828807707,-0.981508951028922,-0.757146166958694,0.453912357686778,-0.267193292379665,0.222599759787115,-0.207903064271771,0.030581845638978,0.156194492239797,-0.053786824985924,0.198528682006229,-4.31866700159923
"8",-0.741186837457299,0.224800928641895,-0.323147824690321,-0.379002352001526,0.023923540830832,-0.461869610672268,1.00433153396707,-0.444838577526543,-0.33438867349024,0.172039602570111,0.437497696562258,0.142270069069847,0.566170032441322,-0.217693189764339,0.508311623934539,1.4221105833882,-1.08214499922131,-0.432628553562797,-0.131029107645851,0.152007096247826,0.249411014557544,-0.2383173039567,0.241353364558038,-0.250557320659226,-0.421760603790835,-0.0411834466391665,-0.396615564786067,0.975128518817104,-0.290263102166197,-0.174451049528756,0.165152275469713,0.420089707113773,0.153063465511657,0.545070065272931,0.485710366514336,1.13501885460409,-1.0663538881757,-0.272450455686741,-0.0547686468548775,0.173049750856033,-0.865276006465713,0.141960464629783,0.921474424435329,0.339445980618821,1.20633388375131,0.587196598997906,-0.214443499219941,-0.810568913139541,0.215671769230891,0.0537649819662195,0.18125981573268,-0.406321766402141,0.487598457357864,-0.220471109820305,-0.594313938333691,-0.459629280616443,1.11405247288192,-0.732030560099622,0.983723196642523,-0.743142320016451,-0.00895590456021299,1.00726767720203,0.782005922633596,1.05038659359287,0.31534041355502,-0.567771764875527,0.0329009807233729,-0.144745449607642,-0.230331759358548,0.392456150871254,1.26453274504572,0.473537373624703,0.712642013402475,-0.298376365757542,-0.245254484004149,-0.221496402656294,-0.405748389159299,-0.900722622380349,0.033982392071062,-0.642085345373544,0.193407048781592,-0.822545128512826,0.726162084604449,0.311063561179338,-1.18924654730597,-1.37306066709679,-1.15710013147518,-0.808837601844076,-0.464083879550548,-0.877310602674625,-0.524581980822414,0.148588476627145,0.742950091800266,0.712085136718979,0.518673313988986,-1.21117763652213,-0.553846049963727,-0.222021655647742,-0.841118996395454,0.194182724331973,-0.782732869263786,0.138511969260625,-0.758580561101085,0.766733633950501,0.246463386713236,-1.18468487544466,-1.36698043917493,-1.15768349044522,-0.810925023083344,-1.10174861947076,-0.281757590817909,-0.0417611863365304,0.802281012878486,0.870819831190351,0.653480119515336,0.181570382881109,-1.1763539021917,-0.293347727808134,0.46154251339944,-0.316884185306125,-0.712671103665346,0.179653604098289,0.208902332160862,-1.25824076883835,-1.08085355572645,0.348643587528964,0.09791733466503,-0.906902379579376,0.467105277114941,1.00730741876537,0.734949578366112,-0.874012155462031,0.689212250437684,-1.13871440385184,0.36625798215264,-1.16923416759771,-0.556617531328802,0.573843061814234,-0.958866219700512,-1.06967715112197,0.904686486198282,-1.28825590746716,0.11219609278312,-0.119418556144602,-0.280112794619489,-1.72330451187808,-1.02167475572669,-1.16106748284405,0.088012012819334,0.104345899778472,-0.598934423052845
"9",-1.12195933297509,-0.192938683979244,0.980696807207729,-0.865368895946488,1.40680865451165,1.4491589440285,-1.41133939157998,0.448229430575377,1.51516399870284,2.01002595095166,1.43753298397616,2.02329711808324,-1.01572697925171,2.30280801227147,-0.0814912844173645,-0.314397924805369,-0.40744490495301,0.356360872059561,-0.946625342389117,-2.04731134514449,1.75505805766801,2.64878049682765,-0.521557149727594,1.11134342101782,-0.805961546149123,1.85223847339443,1.1329694000077,-1.36184659824705,0.209672203086543,1.05115213112579,2.04268831164503,1.49783564411457,2.00355386307782,-0.772677507282348,-0.019390243415027,-0.172506374539015,-0.284939546189417,0.0778383537323937,-1.33588252056422,-2.40208359890035,1.2518563005536,2.12491253166066,-0.958834064688544,-0.684147951891646,-1.29940370731562,-0.589671841753723,-0.043051102027957,0.967591705993938,1.98184107270405,0.204991655664968,-2.05416235726401,0.577181956795332,0.906583387659429,-0.90438666294785,-0.704598393914604,-0.810784329426244,-1.80043667790482,0.173883425199315,-0.41897846664494,0.74678819060804,2.30645619398094,-0.921901320093365,-0.806091347806028,-1.50269100265946,0.562457848851186,0.24743916714381,2.52867688830426,0.448466137839526,1.71832872080036,-0.87029290435734,-0.790384404335996,-0.646657139424974,-0.665452794224442,-0.306268647763201,-0.273889115912009,0.311424793256096,0.919845039793056,0.630066634074491,-0.181357627413071,-2.20995617080608,-1.97490606135289,-0.24278729063488,-1.53955507328197,-2.49884577348147,-2.0443974211174,0.00769235451146733,-2.94594358354806,2.13291077635204,-2.28805758203868,-0.11713501087308,-0.612462775561335,2.29920713617678,-1.01480119504356,0.971277008557184,1.79770892831859,0.189414935702888,-2.34758178975415,1.22737964581833,-1.3307864120761,1.20615102124453,-1.56588878687877,-2.04044119992941,2.45543509909638,-1.40318663652402,-2.06294346971643,-1.65175059561614,-0.471481481380803,-1.38645249226768,0.32497504518353,-0.0573002329734251,0.881753925273914,-1.49554945706741,0.244621405381365,0.965540451401466,3.55775530500261,-1.93895824553927,-1.99048124304706,0.966490550956793,1.13927013210914,1.10136986532323,0.14021590230503,1.97135777980199,-1.66283131631531,-2.29911525214263,-0.643382582932268,0.303366610164525,-0.885586388532443,-1.32670967058981,0.976404529756606,3.36637139797141,0.192806633243266,2.0404769953247,-0.284358637739396,-0.82276866572889,-1.66743551676147,-3.2858670906796,0.640765003195962,0.0310250723463845,0.70895713183057,-0.564451672244418,-0.403314392304403,-3.53053937837793,-0.184381208775923,-2.00089590392942,-0.81986333486276,0.118836139835688,0.655847536600032,-0.365653858426718,-0.010951592484363,-0.089938712118051,-1.13185561896524
"10",1.6038189714207,-2.17651241279356,-0.590061432725526,-0.173658855577962,2.07718367298955,-0.756587008724701,-0.713386345130344,-1.96291245103447,-1.55715193354515,0.638572375414719,0.876695894862521,0.511983204500345,-0.437022323070165,1.79611305889026,0.960889139176699,-2.31318943713789,1.54224297097188,-1.9797372148359,-2.12793781302792,-1.90624280838386,0.399155101942363,1.6068216142854,-2.38954888689527,-0.547853216299461,0.11063239543409,1.92392513620707,-0.439070086376064,-1.2488444666047,-1.81677690161851,-1.33467624680515,0.608903041416306,0.804671771937085,0.512621803787577,-0.863194208791407,0.126392586112746,-3.37422466469463,1.9640257213841,-1.87812175532045,-2.01575871548418,-1.68470877652349,1.29505026440023,0.0865295409353695,-1.01961725130362,-0.939924656297306,-1.56278977424001,1.29013269650704,-0.768104923502352,2.81387839178569,0.233077079876459,-0.523054099887606,-1.3054617386254,2.00281681153533,-0.590740148654755,-1.34406284253753,-0.506132469913858,-0.215149199381912,-2.39413846477714,-0.215165110628436,0.467731450371205,2.13316475266156,-0.17292291670872,-1.00949189328197,-0.894691272621599,0.800455610441349,0.605647825809504,2.39585109615614,0.0312836694596635,-1.29333864554071,4.37557859769078,-1.4223802761745,-1.53858094209971,-0.935662487454309,-1.56431851234144,-0.622195233738335,-0.834302240140619,-1.21574693172463,-0.485805015069219,0.910758379226337,-0.219395466578162,1.83799178844499,0.0649226582838905,-0.730529447469885,-0.715952103236155,0.0937843181287901,1.0135065530274,0.528788154060509,0.895702244087236,-0.892453104937545,2.23431216022433,0.303982755462071,-1.18746652058658,0.34951926025189,-0.84964037274374,-1.66086512589286,-2.17230836559933,-0.036445535675382,2.03841078027309,-0.393767508503785,0.853448683128979,0.610637644948911,1.55073956779341,0.462777891567265,-0.981807699239018,-0.4189093562498,0.322884908214511,0.731101835669734,0.221682390796685,0.528086690436613,-1.33966914128024,-0.378058633508991,-0.632711766025925,-0.0297813274200751,-0.538105262302435,-1.31546471815579,-1.94022486922832,0.108283612972601,1.00427785478544,-0.0648337203539675,-0.171134936805624,0.007934879342685,1.04630519895472,-0.313331824628248,-0.17999755815936,1.10380844791987,0.715587325201482,-0.615117231928783,1.91772171794466,0.491202042732901,-0.0218952948872,-0.00748962352160054,-0.356783967480537,0.49100048006883,-0.261800230542771,-0.150038318242239,-0.94525533840505,1.36904573361258,-0.0586686008536825,-0.220017697614041,-0.734450735738292,1.64535812376733,-2.98198877899623,2.117855869331,0.354432195215044,0.37912864435927,-0.31305582636261,0.18336852810055,-0.065715405786941,-0.0119365043928901,-0.0227295802381541,0.210849499868676,0.20202859411549
"11",0.161680874084715,0.533115531737836,0.507860766784428,0.873497790551703,0.0382109699307865,-0.207907020138215,0.339528903363274,-0.422192606678363,-0.180532509328983,0.0994225940253158,0.114658179902262,0.0740560815604953,0.737846602534393,-0.090996630072956,0.247242994349185,-0.78488002905083,1.01461934215827,-0.405537588945726,-0.0893276127966324,0.0732770996710765,0.0884440295717628,0.243312908970114,0.208724198259741,0.367202512214102,0.858214761318157,0.448752672954292,-0.39328779884652,0.432371481866558,-0.74924760314852,-0.5939099789175,0.133812564731825,0.154064234480378,0.0698390668214841,0.865706487771547,0.606873948165201,-0.693788144274727,1.05050265255636,-0.725801696316924,-0.517134533365854,-0.300471160101153,0.292534370419701,-0.0150770581348474,-0.59935051863132,-0.57311360294776,-0.0273492345284695,0.208573593302833,-0.344242719816013,0.560041905708414,0.103314775262183,-0.212798147931259,0.0133101295326765,-0.193961399536784,0.647378899401129,0.173548360762309,0.183167377566074,-0.327576930362164,-0.125080683490782,0.0907961247938291,-0.37719104808959,-0.184669330200972,0.205274346371135,-0.647273555055385,-0.663747406105625,0.120604500520981,-0.0677528642305907,-0.396980020106587,0.373689564704846,-0.374914296808341,-0.286777905081622,-0.889877362563099,-0.850373955179255,-0.727159369459517,-0.833430000856787,-0.46489652050064,-0.559081015124032,-0.789045933524671,0.550913987552234,1.10290267449779,-3.44299781045103,-0.118809995297678,-0.365137550359189,0.589317406658662,-0.000157674517060502,-0.134223913246165,1.85718032788469,1.73971798785809,2.01535826255442,0.450991386812037,-0.114586423777107,0.12024847670232,1.33281428578189,-0.956048857130336,0.0411600645590214,0.113979278964699,0.102930102449656,2.37903908872,-0.111836075588939,0.687522801292913,1.31565831152578,-3.49813310835805,-0.209254880981696,-0.247813913383455,0.553755457928536,0.204441020296116,0.18505937322647,1.93913266833386,1.79868515151328,2.18289547329432,0.416599739576083,0.175290026546864,1.21957198103414,-1.13594570469161,0.217770719488501,0.232363048749782,0.13169803917807,-0.979636315405374,1.87556404635353,0.607007004899569,0.294959036166977,0.488525621070091,0.393610739506337,-0.0839067411433305,-1.09724706647324,1.71038791498149,2.13127168345897,-0.102814289149969,-0.498892392310971,-0.390100022528763,-0.251559744664873,-1.5877244247681,-0.407401157953447,0.0847230972077907,-1.42864984096583,1.99132537725092,-0.735977995952456,1.49845114783249,0.927891807843511,0.64079591448627,-0.0432116079898681,0.616922075426603,-0.838748796417843,1.1875239130546,0.00320332507004201,0.077966117276293,0.089267355078721,0.972787640920141,0.247683231183993,0.487028812312729,0.007113730974317,0.144405154548387,1.22762067492434
"12",-0.478822572989808,-0.208268794417201,-1.00489524647742,0.00659762782940001,-0.983254329361383,-0.156446189522274,-0.15053530479973,0.500460611435641,-0.144700565816252,-1.32628324819319,-1.39815807762512,-1.2762143055375,-0.652123852521156,-1.01908494113712,-0.688376313668674,1.17096726082343,-1.44528693704463,0.516210542899869,0.917973759729673,1.05528858581536,-1.24607744079914,-1.20019230529513,0.161227695869352,-0.987475658087734,0.032166999918614,-1.31933533622991,-0.00254087977486499,-0.203210589611147,0.85003675403121,0.143891749105114,-1.30449553785324,-1.38704861159806,-1.24478728635264,-0.741521126748934,-1.03115640797098,0.867576122578111,-1.16199367739159,0.880601172332363,1.30414177048039,1.28737408782768,-0.792261348824096,-1.36564429948859,3.33495697242852,4.11345934996497,2.47236262319631,-0.201552209319339,0.33271497911293,-0.658912443082936,-1.32339546424354,-0.722974176689217,1.0491556230449,-0.259972681565041,-0.201613612882725,1.25909599897868,0.978224702792083,1.00413507415057,0.405081478249719,-0.021849999206894,-0.240426452507393,-0.283326429576745,-1.37611463436853,2.89137136917544,3.85182960062972,0.400025140181173,-0.198879565022387,0.495590562243609,-1.33701425057326,0.871098911061346,-0.74421366466327,0.324583295715416,-0.580485690031669,-0.645419568773739,-0.663039988930818,0.659712327809419,1.28530549040124,-0.382384974297956,0.890905999258747,0.99815609314647,0.412635135212831,1.00998976062065,-0.0750326275578955,1.57397449674787,-0.976748051063342,0.282912369038383,1.37523125450111,1.53275928431128,1.32275584986049,1.61400429021585,0.731559410599932,1.40167059676825,0.179672602618505,0.491569848468443,-0.93894145282475,-1.06728831555518,-0.866683791205699,1.39805499081682,0.912664670119003,0.691752056279394,1.14859763012957,0.474794216705122,1.21343233464166,-0.137119811796506,1.51140095229678,-0.995296941501952,0.19119866593198,1.34773958447437,1.51073592391959,1.30397123058331,1.61300811149907,1.53451315415414,0.0918395791788559,0.350639927318905,-0.985248317563856,-1.27793722832924,-1.06398550020564,-0.436553859632223,1.51816163459159,-1.13467602256575,-3.45148965408213,-0.574897284031655,1.2437968866977,-0.284366571120471,-0.238029030488232,1.5127262931932,0.682757568648974,-0.512039207022111,-0.268117098806724,1.02525763873239,-1.12693114293343,-1.46446163890746,-1.61414211861951,0.420721583206994,-0.313767271897275,0.393715809650372,-0.486486513017788,1.27126654206815,0.630725229052215,-1.96227945858379,0.298863731272295,1.05022149255022,-0.491287343863501,1.25991549874247,-0.692174341778191,0.486892316991556,-0.323107910442501,0.8102102327265,0.654609965948797,0.90820063962588,-0.846655083359597,-1.35687275683636,-0.281765416653154
"13",-0.00721766237709787,1.15217679231066,0.0528703558794799,-0.52698624966299,-0.507232530752276,0.0110989432790945,0.631684212014066,0.126852997773,0.265703534779549,0.688574550862671,0.859337933612,0.714138812705879,0.557237802169332,-0.573727489040303,-0.0780461095143654,0.599389333148195,-0.114738867464077,0.142799629476049,0.451057667196541,0.565391312683354,0.910950375066391,-0.457190741700276,1.25355009071592,0.171605186292927,-0.622151309017233,-0.39612898779667,0.038979034214127,0.735410622223851,0.140886400332461,0.363964279806999,0.670119711700021,0.838645236829582,0.734132737786554,0.616125972478306,0.121604848944604,0.767702835319747,-0.476840273134558,0.164294063764166,0.347016142544726,0.436557266579242,-0.753179656365105,0.790050454471805,0.882443118372052,0.398208362976704,1.30577310107586,0.2330624880247,0.127526485969103,-0.934269774697083,0.789876675044501,0.173813339576926,0.551619531895774,-0.417066656987581,-0.211813719877151,0.4195531103929,-0.980644805888228,-0.658007514651711,0.570748040681529,-0.628865162711411,0.831672187852723,-0.753425673980503,0.567839430980272,0.712588387061774,0.660401627094622,-0.060363274472854,-0.14375464288349,-0.637076243955774,0.451053054212933,0.739788240286702,-0.239210928348695,-0.0489416571631303,0.550611790457979,0.0568780372345441,0.305069411263531,0.0128123071682642,0.344553683479217,0.214287874174431,-0.218886533926156,-0.395784291383415,-0.942722294903779,0.00162942629982898,-0.306935300541325,-0.0904532319515985,0.351238072948774,-0.276223891590883,-0.205910553858066,-0.129455807287244,-0.187548398255203,0.0185938376531936,0.080802992451553,-0.314659643360644,-0.334521181567657,0.322667911739065,0.317423146693094,0.060699420553527,-0.101178500435221,-0.0981274085327686,-0.077136090107702,-0.0245342052309649,-0.250325887621125,-0.867325691708666,-0.146033525467297,-0.3256148439802,-0.077290420355176,0.258506613366054,-0.262259725323037,-0.152210780294501,-0.0762692220257865,-0.117031366976412,0.0451811464249801,-0.340903620385195,-0.306502467815292,0.345728475393919,0.248844622070973,0.19330760269587,0.086518216219212,-0.338084535347885,-0.298615352863289,-0.273747188216091,0.0569138172407865,-0.404589887236062,-0.682518427473393,-0.0562240683626478,-0.054165327564714,-0.506585864534391,1.19576409921222,-0.0751399813925159,-0.275787134860174,0.213505192772604,-0.275052059683311,-0.161902807042852,-0.0229310175476395,0.870037311528601,-0.524943491982619,0.452245416122457,-0.189713819281263,-0.29250459231706,-0.565564464480036,-0.144060214412285,-0.238184262488791,-1.07149621132827,-0.439670642702606,-0.673390738613983,-0.719451498629447,-0.043356254780364,2.00030936241955,2.34348967669357,2.8722077942377,2.00735651006013,-0.135418467500562,-0.406592044938896,2.02491934601545
"14",-1.28018333818999,-0.147235086827509,-0.414417396838299,0.484811254792457,-0.101204507120416,-0.51511792938979,0.590916774041308,-0.045543561724751,-0.537836889568654,-0.656391556147081,-0.621704042781537,-0.689017902662802,0.596042903062171,-0.249461084506611,0.134313594459726,-0.0938826786022465,0.704809293654604,-0.0378056503713735,0.0531727158504835,0.186526016937549,-0.70573116976188,-0.405174782890726,-0.0173133085961125,-0.430248868529294,0.516219048209541,-0.25079518843198,-0.527947407052589,0.595883358414475,-0.07617385092735,-0.506717895734835,-0.680718635651595,-0.649815541346383,-0.712631781426239,0.475851716343389,0.143179856581768,-0.008617068319294,0.572198154597696,-0.06373313302497,0.174505877019105,0.345878930012644,-0.391099460169816,-0.587504984579831,-0.141297563459343,-0.312241579875063,0.000248868947478401,-0.142059719672079,-0.218051820949783,-0.416977370134199,-0.487451899569427,-0.486438293759531,0.723220174813771,-0.179634878756197,0.198570279921636,0.160970416575213,0.532984875785659,-0.0346824898728415,1.12268892614982,0.24759186471286,-0.528679536270856,-0.36006433158602,-0.44477293614201,-0.059856707271676,-0.214323263726692,1.23877884497458,0.210061654082019,-0.261745486949257,-0.235105287162623,-0.520356496913971,-0.565203275558355,0.669778059052043,0.258106105655896,0.357344998671173,0.605789207541956,-0.361476464113829,-0.502953623132859,-0.825521113011644,-0.552389919764934,0.754242112918943,0.745466976982413,0.756926978177346,-0.48998608507496,0.710746304584692,-0.864044776455245,-0.419127270369528,0.644889476795141,0.671792127355635,0.558216552288951,0.521140894038159,0.847611684970725,1.1735465839437,0.790927528835923,-0.613016467501378,-0.85653540824728,-0.733299909362162,-0.768956109043124,0.493670753340425,0.806215296707488,-0.60045304679496,0.570791312824596,0.554288039098999,0.702480208971787,-0.4215342849523,0.497705142434865,-0.592794559971945,-0.443361440375313,0.620232320176,0.662770447045597,0.531018666449969,0.367013801118115,0.919393687053042,0.316789609658067,-0.212926830051193,-0.589658911184091,-0.645955737136756,-0.753716568459307,-0.365627073537791,0.575128944352238,0.159271600136805,-0.0454797977152995,0.203323520521388,1.02144741913901,-0.516866470392825,0.037806658925915,0.552939410608794,0.19673873416748,-1.0122315115718,-0.128769552980914,1.71734159266825,-0.396059105345522,-0.438077932906643,-0.27470667206032,-0.128016090007075,-0.380009856564771,0.464204350318109,-0.065522907731665,0.531163742716677,0.262979074152806,0.002581977290388,0.697170253367425,0.235965936606064,0.151414975855659,0.576653135287032,-0.203623104151977,0.334275301319319,-0.57067266948432,0.011521238227613,-0.201466841432087,-0.212273411547196,-0.204359939259638,-0.045630218282471,0.00658540567122301
"15",-0.0733574648816431,0.0624146603415707,-0.144364323114935,0.333548364729403,-0.0642380667947945,-0.0744142331135935,0.401422601685062,0.332262191703157,0.286832896138749,-0.336715169313301,-0.353488182251412,-0.354898406731029,0.464853689812396,-0.011181966998098,0.077558145028838,-0.240545195567054,0.641212791566019,0.307606722530305,0.0956183686656255,-0.0384699999636875,-0.380897674957743,0.0221616557263705,0.0711620504741582,-0.103103129302238,0.332536390519308,0.0351365071438445,-0.209348771728835,0.53551046765661,0.121958948435601,0.214734163936716,-0.324616472528931,-0.336760131728981,-0.360977176440797,0.495973428078024,0.402546024299101,0.037737019057416,0.420687306149131,0.102801943862389,-0.029775006981977,-0.0777285326217875,-0.211842318976601,-0.216732738326409,-0.328318733179381,-0.384708991518521,-0.0120709088988299,-0.263342830370989,-0.228722726866706,-0.45907216766343,-0.196146076819583,-0.0532777465649382,-0.15713895105431,-0.106460336337647,0.273392156313162,-0.087878837007752,0.11789448421421,-0.362294126913725,0.888752587676968,0.160012471959875,-0.475691545711624,-0.364111872627139,-0.158758096845527,-0.392786779541838,-0.448835791546022,-0.43257969674256,-0.179674106206227,-0.319537435346025,-0.13419580858403,-0.397424697512566,-0.119500703570829,0.890065838946595,1.36390055013722,1.44878102850571,1.47738639599132,-0.403494439304314,-0.487657559900747,-0.228954813262199,-0.122882785934455,-0.345541443441099,0.0662504014582123,0.275781110596784,-0.463005575322248,0.336825369916142,-0.652750259680935,-0.607129837920441,0.0220264877691325,0.0945332429117295,-0.00919231537125015,0.288377315835277,-0.00472612877168251,0.663868176710845,0.72130904712855,-0.591160855544578,-0.60769986153725,-0.382380617239772,-0.0537783583488953,-0.0315491526856715,0.135275886962301,-0.545757570354545,-0.32825689747509,0.0676530845760985,0.387638921268509,-0.480516547529706,0.193447624234373,-0.65319318571203,-0.728136602576344,0.0293581476496064,0.100237561793996,-0.031227006216454,0.2332735374195,0.551388840633067,0.256755280025382,-0.216894969450209,-0.659469799568643,-0.485735587726109,-0.219824328399957,0.417972902472303,-0.113477328084305,-0.0729649620109125,-0.0906455423601805,-0.268097540855883,0.099752862788108,-0.233111276656267,0.543607801864475,-0.121128102619004,-0.379426528534369,-0.182006787587515,0.0177412532351906,-0.248612078394778,-0.553324364068987,-0.314330497386612,-0.117744981961219,0.324449534472953,0.0298541073307156,0.102419097828054,0.179534272370432,-0.174156042284691,0.0585570224945925,-0.0510544155781145,0.98068487289812,0.224684927575723,0.0455547313337345,-0.265387429178959,-0.06818464361543,-0.058797006254032,0.514784446274335,-0.35411084200823,0.11314226795335,0.0260048768116699,-0.08623138733531,0.012257885177565,-0.481799228546374
"16",0.188349121166877,0.01561935753671,-0.909082908939296,0.103626598943158,-0.999426252399339,0.434406157546465,-0.485475194842817,0.942572655511472,0.313533250877218,-1.17613599995913,-1.26352315138231,-1.13055272602662,-0.74547659724156,-0.907013777062295,-0.90711897894525,0.188267831487309,-0.288539951607347,0.962696834524711,0.995753031656903,0.961110100653794,-1.10266362577963,-1.03226154430001,0.150088733325646,-0.924215093880619,0.09658891011711,-1.16404699048088,0.517839371236152,-0.386329137553053,1.03132679702425,0.452383170685092,-1.15088969589138,-1.23808372227102,-1.10374745554944,-0.718660678377177,-0.995708813783793,0.404211389264535,-0.438577473578447,1.05543771502681,1.16920924241491,1.10418651532035,-0.221319819904416,-1.16373632801289,0.48056203007414,0.773319152378533,0.703109654088985,-0.735768600137991,0.972084154333027,-0.522537133518546,-1.13358786493675,-0.681561055453791,0.79291620093163,0.0183989673285725,-0.525317803729487,1.06187935145811,0.959518343347357,0.824188470886286,0.0757721102570874,0.45174680071448,-0.739276686757256,-0.206828424983246,-1.15642598172553,0.34375859463841,0.640387933918919,-0.705169165161916,-0.154712841477831,0.182010024017876,-1.13512664472773,1.64239277963527,-0.73152913753449,0.828995219274437,-0.55667106790619,-0.411911193339343,-0.274157053193282,1.90765954615796,1.77455364907234,0.874446003399459,-1.01504177894133,-0.507059708675554,-0.587880349672026,-0.158435521827241,0.430838371319021,-1.34926525427588,0.855003391317118,-0.537302035815999,-0.306456360881055,-0.526410470884767,-0.283096384352494,-1.36777574418935,-0.0139458486524765,-0.99586633148522,0.286716539705869,-1.67803261384005,0.799476068160099,0.252413137953557,-0.00337774125027002,-0.32936645178178,-0.0321328437138155,-0.720893110073825,-0.353875274508481,-0.443425668883646,-0.262519600675789,0.508482706838298,-1.39471927733276,1.15626463626458,-0.474102621162113,-0.334247795216475,-0.573030600581874,-0.297566579785041,-1.27257727719667,-1.36848280885671,0.143100270579861,-1.34191152967838,1.03874172042197,0.404918475479148,0.0514851907819076,1.58559600116495,-0.269655985257051,-0.798808486194605,0.444100027767838,-0.90114349608137,-1.62465804820761,0.706714305116503,1.28079857898696,-0.295592120957093,-0.572268876607859,-0.535204949557665,0.93638735558358,-1.02430924711423,-0.989861484649349,1.70225466070945,2.52295274722394,-0.794901138576198,1.66177009824653,-0.870640956570914,1.24981701052336,-0.136103096085506,-0.610519213292738,-0.64035113353463,-0.712120942287844,0.344095071761421,2.15935458144401,-0.041435094209342,-0.969559263971341,0.347874290941931,-0.385853127361222,-0.433119334976074,-0.292780932259796,-0.438553985995646,0.81275250312844,-0.873431244242513,1.60618226811123
"17",0.589418617802004,-0.0238538063595476,0.125252976148617,-0.103833681533858,0.30897314706985,-0.495764775361469,0.794842567873022,-0.532501123155603,-0.341150753009207,0.205525230855061,0.291675804768424,0.169037799265981,0.725405740081883,0.188328901571637,0.691875100876461,0.632612967011104,0.0162547421181421,-0.526179788663669,-0.365968943467256,-0.19618007954469,0.128424492773358,0.361080334273055,-0.313008085958486,0.0655525801982475,-0.11963338548889,0.398035033758431,-0.538614713022151,0.763650753402401,-0.443073218536171,-0.382293124065742,0.179383918603377,0.273795481116304,0.121166357134422,0.67916702273772,0.768710459962104,0.392746093927791,0.121798496353377,-0.451159064719989,-0.424849687818172,-0.365689023913656,-0.410538306898926,0.222382418398021,-0.203326138430124,-0.397007403235755,0.0591413823139142,0.506697447193606,-0.404116919903965,-0.289251417978408,0.334705992192122,0.197737645260445,-0.337432174629919,-0.256391051369894,0.462594030298868,-0.462836157697935,-0.141759793561663,-0.201632473792593,1.10482097114224,-0.396989745927039,0.327559721999074,-0.539713745913103,0.215852502556668,-0.035166391110691,-0.230545524762197,1.12798522571837,0.666519690823439,-0.481505890765146,0.350668808318337,-0.637723225030165,0.187147739767441,1.14929828573123,2.74929030682815,2.72275081654156,2.26832695033951,-0.463955297505606,-0.576234188576287,-0.254348925563256,-0.594461658383836,-0.45411731098772,0.365543103404506,0.187113066316867,0.0679614861572905,0.0204292411442301,-0.148884938026683,0.209970200144236,-0.43836556632881,-0.427214756261909,-0.484412940555683,-0.199132286085955,0.113499808086514,0.413687271575629,-0.157371730023779,0.104501150657135,-0.13226053432033,-0.195688690604171,-0.180259245052548,-0.410596278649359,-0.173451107509324,-0.190853594525443,-0.409150038648906,0.281170831670245,-0.0809861136979064,0.00479888666466544,0.010765667006298,-0.0895852772266265,0.14543091264756,-0.358569281339023,-0.347185487723774,-0.393780339538896,-0.0395428335985516,0.127219682712903,-0.206423152217825,0.247222335681918,-0.048994752817486,0.054507618655414,0.138691020499159,0.0647666627207745,-0.481297075511459,-0.0787432301396618,-0.123703705129679,-0.165973809193585,0.268738989776662,-0.064093197400673,-0.00674326714748547,-0.524217875721695,-0.74376537095725,-0.272122278678423,0.00290795679144751,1.72378781478128,0.159842643844984,0.0258021506476315,-0.160065613456532,0.0566639251290186,0.309828736405777,-0.438161909962175,0.155082392971793,-0.529970589911739,0.118828517654674,-0.0708998049034605,-1.3092339150316,0.332148223289289,0.325630665604553,-0.405860806362825,0.262136523223248,-0.414320135178112,0.1612314868659,-1.64833538384468,-1.28583718306994,-0.84864790801654,-0.017672139607873,0.140963378489134,-0.674866249051167
"18",0.725150231336128,1.3785972472613,-0.343356154605883,-0.212729667036396,-0.884421710147671,0.0935948988960893,0.345197161671977,0.438919371399636,0.435030641822744,0.012671411648428,0.234315763133051,0.059222492621722,0.227076711628574,-0.947394919174656,-0.433180800103079,0.554240445408866,-0.155263312554396,0.488213455365607,0.804823837826552,0.9754111201892,0.237472795703428,-0.945436636888503,1.67554123375634,-0.240928108968117,-0.2604687368254,-0.94956357948323,0.24525799079223,0.370018701956085,0.534331022980082,0.700544599017078,-0.000324605940241002,0.209471552887615,0.086231825704826,0.225776334866903,-0.429578906915337,0.545852331899743,-0.288667172316991,0.588311479364162,0.89903893312101,0.980344749737073,-0.990840230189419,0.173897168763617,1.55980908263753,1.0945100663725,1.32679839558911,-0.0064897554589889,0.372796831713109,-1.09122355389766,0.123562012549072,0.0088551444082115,1.04498252516041,-0.483077939015838,-0.495032604440516,0.815427353295483,-0.708236667596999,-0.546223503885616,-0.595392765768449,-0.547335587311733,0.619540843346777,-0.755746471424897,0.033822386798417,1.28942409198548,1.40578089667573,-0.804254446900259,-0.307234368098781,-0.622703828383489,0.0265498027427005,1.19212223665993,-0.517794855414537,-0.842485963698781,-0.76220161103261,-0.767552915881663,-0.929061347177117,0.416965829698203,1.09407332989476,0.355642513276818,0.00976867573810503,0.0098156725575515,0.890866454841789,-0.286144474321159,0.622501273272962,-0.718624250925086,0.887565411096084,0.492027973762301,-0.874085646682599,-1.05954215757682,-0.855968725062004,-0.505097891302532,-0.0622671908383243,-1.20586909162525,-1.06818938168349,0.731477625543139,0.823394781934284,0.416025321718808,0.0738726914402505,-0.930747092735266,-0.0926521253965571,0.0248445740075951,0.145431185021226,1.21416066426265,-0.31781670200656,0.735573205557584,-0.597934330842612,0.945320162672969,0.570479733354113,-0.867932360906053,-1.05485757887832,-0.865115243544387,-0.503195521884845,-1.21708468736171,-0.677462462154236,0.634426021572011,0.887510951745178,0.449219545346289,0.133542040694878,-0.124198211331061,-0.887036759649091,1.4990697840324,2.40033688216029,0.97973995756065,-0.96618753855622,1.55550984606092,0.115264855548227,-0.913214340830904,-0.334000360112502,1.527828398974,-0.154854515673254,-0.400440059426927,2.45545686736672,1.09984428740058,0.687261476581395,0.0655734767399285,0.815830459136382,-1.06209773926016,0.0877034835651025,-0.739925577161938,0.287423086417695,1.59528422900583,-0.153734034947599,-1.38464358400704,0.339457792696556,-1.0352261467538,0.80177148984725,0.141025236673981,0.077377775957969,-0.154875739394563,-0.049595644841381,-0.016680859918761,2.02494732876033,1.86273518469667,1.14539347510211
"19",0.252064935552984,-0.246535326988832,0.362062141749779,0.667215925587734,-0.388625608264065,-0.0623555883432605,0.0629448435052948,-0.065574881370507,0.091764901558888,-0.55733156051175,-0.526412813641198,-0.531751641643724,0.102342297366857,-0.52349681702731,0.0226354313980097,0.153076166967789,0.139110644921633,-0.0270643643365955,0.302464714042464,0.524424625409891,-0.515100648938288,-0.578250491357565,0.0462929610269149,0.42347067965089,0.732265519569101,-0.471151637524694,-0.178542263624349,0.0123897119105925,-0.105377549965524,-0.0405880576330235,-0.547722371421453,-0.504827962606611,-0.524710795164628,0.135707953643547,0.0053272081300233,0.00240420209355852,0.168061904533607,-0.0568854477849979,0.37330421893125,0.594152128534563,0.0483625080112646,-0.560952372767518,-0.571038727493705,-0.472460287076177,-0.461477144998752,0.0259697961300875,-0.231646024219478,0.230455176592253,-0.49716053687494,-0.036692563957196,0.282392981049866,-0.325983963593298,-0.50853318188852,-0.306176196466053,0.238918115464611,0.378420834308628,-0.663949451293367,-0.0676459947221745,-0.10832697798991,-0.145893761779095,-0.444871275958599,-0.611730008209943,-0.516857738473892,-0.261723030311321,-0.129894662795377,-0.079644437295972,-0.323353959689588,-0.239726834801302,-0.291851715933134,-0.681848556507267,-0.587377693445701,-0.569313721436293,-0.523824953338348,-0.356999295272585,-0.419672268193129,0.210203506461673,0.460143679124233,-0.305683887274708,0.347884774346866,0.383303181902689,-0.623533085414545,0.322277206605687,-0.685465694920978,-0.628880828290025,-0.017145376329467,0.0672422635836359,-0.0534805465390634,0.125950727200354,0.0984684552768705,0.619854619618597,0.29172647341306,-0.223935734836221,-0.673466925265103,-0.464718906214597,-0.223764667919537,-0.00763032829662358,0.247378359241994,-0.0235582101859738,-0.642913670709176,0.125020333399663,0.412651189377164,-0.581537889427612,0.366555313407585,-0.541975643905366,-0.666946123773981,0.0220382080059937,0.0919903999843117,-0.0315842456836417,0.21596692822813,0.460214304758419,0.234821966615387,-0.0154117211530855,-0.523413885794101,-0.443105698466622,-0.332403618329934,-0.409417598494231,-0.122301839655225,0.057188346747899,-0.107014044463973,-0.0549616374748635,0.804907314171731,-0.491235408423107,-0.468226643460472,-0.122507249821799,-0.914961561530778,-0.132480601710626,0.0175795318561865,0.621495963560105,0.013357352551361,0.304641671959666,-0.1084874296134,1.24721655690532,0.0618561251489489,-0.0828800322234635,0.0541254021508199,-0.306255015168648,0.330593691312541,0.182222285596489,1.25833045929745,1.04355131938008,0.300478033570858,-0.184340530525305,-0.424918862305078,0.03708624829739,1.189224873126,0.712789855576488,0.612829514368104,0.804577070446377,-0.219138655157545,-0.132713613108903,-1.31981804083645
"20",-1.12195933297509,-0.0273192556413475,0.066357410878604,0.203090809377949,0.0265945834707465,-0.619774520757443,1.04746677045422,-0.415674189229413,-0.618496195782705,-0.0523218979725905,0.115161850413271,-0.100633622545123,1.06017143737451,-0.088774028056661,0.468220685922561,0.401079653437451,0.430920925689097,-0.396767584352256,-0.0893512361655791,0.0867421375547403,-0.0679899578365505,-0.00618691222843348,-0.168373037761637,0.069656340341602,0.2097875039562,0.088558454153274,-0.614607643681511,1.0497342189053,-0.391033494987328,-0.576335517000864,-0.061928481409886,0.102108304018429,-0.116175459779567,0.954520012083937,0.593120977572002,0.388539876579938,0.253049541650505,-0.381492915728939,-0.150102852311918,-0.001461218444543,-0.532051937426779,-0.0818223557132845,0.020811733026303,-0.32541797489618,0.134518494758762,0.477173651209243,-0.398068005052662,-0.333473095406966,-0.00171590556909651,-0.0709691974939909,0.413410401741531,-0.336728854178737,0.483178961972665,-0.0950445529689652,-0.215246934774195,-0.3449212563645,1.4582420203136,-0.414105531901843,0.429288774242501,-0.524087037644931,-0.094393662682111,0.163080151622564,-0.155990755303608,0.772226917826501,0.441549374621282,-0.443493333248019,-0.00655889092272099,-0.592577365840025,-0.221452590368402,0.831162964648357,1.69445785942241,1.65220472608848,1.61575886465585,-0.450205810240307,-0.53363358589128,-0.56484966233527,-0.498647397959894,-1.46574207107396,-0.596965678067934,-0.829742099765183,1.64057403927866,-2.23659769345368,1.33823149384774,1.63715806224928,-1.30228211778689,-1.71240890796015,-1.20189933862178,-2.56736188844193,-0.707084337585389,-1.37899847622608,0.62269848695182,-2.73142061219076,1.30430254212223,0.890668630605775,0.694086113641393,-1.2780601837899,-0.871377747598142,-0.435781149906857,-1.34150772531893,-0.516316319052207,-1.00567378848616,1.22428203851738,-2.07100209001444,1.28246592577045,1.25640923642431,-1.29895579241678,-1.7179249359059,-1.19395477043154,-2.26520307879467,-1.52706356466713,0.747234297050572,-2.74131857979543,1.27935168258382,1.06865321922093,0.899230945040703,2.56879975609914,-1.25513958108693,-0.537898659734694,0.542082245273357,-0.528288707197733,-1.80155271667148,0.583860543782589,1.2664041956484,-1.32604681399161,-1.31024826317875,-0.813510061408873,2.22517790878817,-2.08842006403346,-0.721654364112772,1.49459288496626,1.47446629209086,-1.50518429318061,2.5395081029901,-2.0445612833845,1.69805182476195,-1.22422040093549,-0.638711209455684,-0.160788386433669,-1.26025024246806,-0.196701663517674,2.08566938335093,-1.25666255195343,0.822555870299791,-0.118230687442046,0.562555394042803,-2.20933573255041,-1.74399412440855,-1.47888714368535,0.35205964323935,0.40963353683258,-0.33948164299515
"21",0.264335028144799,0.651984676940018,0.540522286246992,-0.287598259496441,0.0382399673701851,0.0878854344862274,0.400978643361662,0.0344232408355316,0.436056716154647,0.775828182890302,0.784140996406776,0.780143960318851,0.43013211829313,0.0823518578278999,0.177518970033923,0.119787382745708,0.301168234023623,0.0384674711401147,-0.00898860152588325,-0.107949797209107,0.893794803691703,0.13198145127115,0.766116805324773,0.638200651955927,-0.421421278092144,0.166930652947482,-0.0064102952517504,0.551135553899742,-0.046388028921102,0.403431168456101,0.786368598774023,0.803656353250918,0.805705935463896,0.62516229443168,0.45187405369555,0.335740193742383,0.0708345261233825,-0.037421005853022,-0.163249334905382,-0.188278969337673,-0.429173453162099,0.896312777094335,-0.0358893378724073,-0.258729330543244,0.0522045253996337,0.179088802352681,-0.16295575623043,-0.66998758122692,0.924244178080637,0.362251820013208,-0.464321212665995,-0.336728854178737,0.713323868403755,-0.0263920007765885,-0.62411597346514,-0.637685150866671,-0.257130850100974,-0.371682983100759,0.2866257600398,-0.610872218209664,0.668431950412979,-0.0297948014648315,-0.106967877188465,0.311475924529141,-0.0758912201289725,-0.596139179240295,0.592951984301317,-0.0433235886569406,-0.0102552136742062,-0.581982769625991,-0.139268044239501,-0.450810792581481,-0.33202608174355,-0.320393352303547,-0.299738082489656,0.327939845312028,-0.29604259889379,0.504025321012748,0.413485636683162,0.22328958775881,-0.0220382401370565,0.007600172262056,-0.0475210380662997,-0.0539389451955204,-0.054707321435434,-0.0379934477707686,-0.046584636376909,-0.0165482970366641,0.163587543162474,0.433678139124587,0.110147020830772,-0.105733061624816,-0.0612385369090781,-0.243267950123919,-0.179799058044264,-0.0500941852303134,0.169217255802345,-0.408668573162586,0.451891622578443,0.533251859693787,0.18765484863726,-0.203762750595217,-0.01798559792076,-0.126519529167369,-0.23768704361012,-0.00440680891721446,0.016887131102992,-0.0132396392030456,0.0667900318715601,0.401754302581969,-0.0443232979574395,0.0433307592750665,-0.161202481616993,-0.198512485942397,-0.161676285926344,0.0986852552887615,-0.00556131296566487,-0.258851532202289,-0.0851682595070495,-0.281172180705104,-0.559243900136935,-0.0850762661453705,-0.118825058437139,-0.0833048643790134,0.604709307836298,-0.399868443886134,0.0283244224416265,0.461373414221086,-0.350729517954922,-0.0306640558318875,0.0513950608862814,0.58743624611014,-0.219659095233361,0.171984893505727,-0.112432810536288,0.355903695615701,-0.173513418011556,-0.242665882958343,-0.075035665711571,0.0772548713616498,-0.538937749056845,0.33865569957375,-0.1732524786075,-0.116194643992389,0.465670337698854,0.603969342489047,0.58379838444076,0.702961605043043,-0.082118203414758,-0.064089745540404,-0.020796439581011
"22",0.744198426306823,-0.884108830813475,-0.188147782498919,-0.738080761305992,0.45110852541268,-0.75159157569031,0.156327833152736,-0.422532140849198,-1.09601267146541,0.395318979065943,0.674601982238908,0.34676781321719,0.306950964556877,0.383280641905281,0.452830581931909,-0.133739548693307,0.470739341710131,-0.485475388376849,-0.474251693572582,-0.431166831250239,0.44264105914488,0.302718306683055,-0.879560085094402,-0.300766555400097,-0.632818809566254,0.378230636169147,-0.7447731087065,0.172955661897666,-0.686991543137637,-1.20410528613959,0.427686068622925,0.695492704273238,0.397816019952901,0.326933356000111,0.482192075590785,-0.138499344297149,0.487612477619503,-0.704034871822962,-0.433915474531413,-0.330141329903053,-0.0552940470155703,0.102157760061643,-0.751029775342343,-0.645056412293898,-0.862377260923805,0.06960837094858,-0.520189176570768,0.4417331409257,0.0512773428180765,0.588073192495134,-0.328615180257672,-0.465169788040105,0.041186120423445,-1.0478349776449,-1.06416474626162,-0.387890681181186,-0.521168867731862,-0.938574030866788,1.47059279884726,0.086282654150573,-0.017275489004029,-0.834130389340298,-0.673565492236051,0.421285464990572,-0.516983280013146,-0.358937718452453,-0.178190253245493,-1.09749815941396,0.0842445134352089,-0.833142233638781,-0.324025506653206,-0.671554148996874,-0.714742959508489,-0.535520043202371,-0.754795336242906,1.21620103223431,0.519528449111121,0.918906868885965,2.6334335521055,-0.0422315580347191,0.763443473318106,-0.759400067294435,-0.0505774725651374,1.31450044185792,-0.668414791937072,-1.12723282641875,-0.666564131052223,-0.543621046502909,0.144671144728913,0.000953546970714481,-1.32187938892598,0.778440342791019,0.025819221373714,0.0923112309821167,0.032316474076864,-0.970035516799811,0.315274636111764,0.197330392559979,0.573617128081019,1.92675167391596,0.38544853813979,0.557895916613875,-0.780600932536424,-0.121973098980522,1.1569713106859,-0.686310506128849,-1.09415915533375,-0.772619849745198,-0.365262104152375,0.349003515172914,-1.22571121805971,0.890054769528207,-0.114136353367679,-0.38283140561338,-0.327720803947928,1.65901088705152,-0.513895348198385,-0.186229761483921,-0.265475803797958,-0.423140121506155,0.492727977903538,-0.147204514674297,1.07550954254453,-0.383135746603578,-1.3451966688749,-0.360599468929271,0.651057390730965,0.109846057201839,0.68984706479171,1.58892748776541,0.348650549665934,-1.96100999345876,2.33803631972201,-2.71233993122109,0.800242050207659,-0.27662591475568,-0.0268660247567579,-0.316348117679266,-0.991198373099474,1.82534465361974,2.29155781377072,0.218306859336237,0.579531228449909,-0.151022396384444,-0.857014005581319,-1.15063006107749,-0.335129338302276,-0.898094852683971,-0.02169602559408,0.231118596911837,-2.28829852661267
"23",2.13988252777655,-0.524857395487872,-0.313773941816692,0.370134342817793,0.806724397269089,-0.604751075480392,1.12801718466253,-1.07018560102372,-0.610748558820458,-0.218489109529476,-0.101899697976768,-0.303179994144798,0.820754998551436,0.29372673477483,1.1074765482516,1.1486167935423,-0.440256457800195,-1.06103837799261,-0.95950254591555,-0.504980039179794,-0.278003651414806,0.215871533578737,-0.485404577954927,-0.374515347634275,0.304486185682392,0.616743357383919,-0.582488610342476,1.01424397474266,-0.799238343831679,-0.566157486147236,-0.193123454511375,-0.083790549805004,-0.28665819793823,0.802779223901072,0.92659524135654,0.615722905897788,-0.0615560990772208,-0.799787611117251,-0.759637617298404,-0.385816814968167,-0.540125201909975,-0.317449249778202,0.0069481418315478,-0.332022248115769,0.0980494111909027,0.853163552736059,-0.431740477151243,-0.328979075680294,-0.171641682728984,-0.45724447374198,-0.274038264857326,-0.179634878756197,1.42560075905564,-0.414853043080929,0.261017411934151,-0.241363115565942,0.780530218875716,-0.10936252240878,-0.0902753205681735,-0.416629289609519,-0.37154456730793,0.426550984605805,-0.0735562128676872,1.79899121351645,1.22321565914241,-0.129368723992976,0.000175899462124013,-0.602456930593546,-0.286936461670732,-0.211447810366644,-0.205858387084931,-0.346456049944109,-0.181244900140371,-0.48252537281304,-0.580400138529577,-1.1119063221579,-0.00559221011056155,-0.43975226853927,-1.41686086617735,-0.286001126636875,-0.539357460161908,0.399725120453175,-0.0211400416828651,-0.551091689110842,0.581055369979771,0.811995021902269,0.581523411545457,0.242135754203834,-0.149171000243601,0.16150452057056,0.07872748870885,-0.177261896653333,0.00512540433464514,0.294615368545458,0.255377622353893,0.777752693505541,-0.290424775835442,0.175807976826074,-0.333704452421724,-1.24897749911316,-0.330669000317095,-0.481627723444634,0.314185785092205,-0.180804876472547,-0.567271291787214,0.58406117054027,0.832654574515006,0.640839811522421,0.14560988507914,0.0279805597331656,0.127354081113516,-0.219903366780056,-0.13470910592809,0.319262169997165,0.34034344520338,-0.506986811589104,0.451880538391803,-0.140168679505656,-0.164237732884932,-0.0779465351651583,0.045281878188588,-0.367125569972364,-0.268528703994266,0.306589433384854,0.563788296068729,0.292650032780743,-0.348454901615568,-0.841521785368317,-0.345103171413889,-1.19482664384726,-0.351581371716992,0.632956120204834,-1.24759969741394,1.74057848022641,-0.202943207248727,0.28341621873777,-0.403804369314514,-0.112127533929893,0.743262293245677,-0.891207906750203,-0.460725173416503,-0.109850278676453,-0.205167972135118,0.075151507292947,0.996370133031481,1.69857578301041,1.0073899693532,1.02512698873403,-0.103128460018232,0.00774782028585397,0.602274676104004
"24",-0.478822572989808,-0.0488853735551065,0.891720206684929,-1.39504153739113,0.986939469281944,-0.477111792082702,0.136348789897519,-0.856237992916822,-0.447659866742869,1.45035760317222,1.35068497627928,1.43124786609337,0.494806656464758,0.822718131758075,0.803164600277819,-0.64963919429727,0.716719445964057,-0.848399528998283,-0.973922880343687,-0.946337722269124,1.47009778147318,1.1045297203637,-0.423238132172371,0.788279530855927,-1.35347890879348,1.2811972008985,-0.563133407657511,0.0521083834088795,-0.905555858484317,-0.663957975648311,1.52579272357405,1.43082365698508,1.48958684821021,0.519433816147141,0.983327676808226,-0.849592634335308,0.957224952002702,-0.93227989259307,-1.27028235259576,-1.25198210432936,0.151891537696882,1.26040345017872,-0.790684211049141,-0.78496150038734,-0.857615999634574,0.554962731981003,-0.556028934098162,0.506966757666052,1.39865110135328,0.591468755157929,-0.717872283401209,-0.336728854178737,0.394774319858397,-0.699544503533841,-0.939403085709157,-0.695759165343031,-0.643406927844107,-0.574128340559319,0.664162427930652,0.0528127330625888,1.19105595249555,-0.754892760555703,-0.715736599395139,-0.00985001471834501,0.0324147013130145,0.0430647257433355,1.30329244724466,-0.939675238921003,0.462084865283759,-0.953467051859433,-0.384338625731865,-0.679568289377761,-0.731096417609723,-0.559514869960914,-0.733172550220284,-0.108554756338307,-0.141644396856293,-1.20050461527264,0.0657760100937212,-0.817605938013804,-0.724535102447858,0.274547872685478,0.136546242784224,-1.18652811194371,-0.241222665228837,0.169327767886889,-0.230613965810977,0.364169522761963,-0.690235014225713,-0.434724858260916,0.0177888585089486,0.357829983904133,0.125579159346756,0.775437706400991,0.851228381074478,-0.109753564261605,-1.07036530663649,0.095410949272208,-1.31508688632097,0.354947828243862,-0.969930199263466,-0.466857326824069,0.147894670288325,-0.100794253862233,-0.912979426025139,-0.393905091960559,0.043403543247865,-0.299167249507357,0.0299893851732945,-0.344733401384605,0.141079264759048,0.217070989808618,-0.023924809940117,0.836400066181534,1.13972136935383,-0.657290287725317,-0.397688330831581,-0.0188950922871135,-0.109903756492438,-0.0881627779603,0.225671268114099,-0.367000265300614,-0.328858094122317,-0.566604009380071,0.349344472284847,1.14211693929352,-0.301203600510354,-1.28376603243006,-0.057091158615836,-0.352889448911483,0.104959685249195,1.12790373469575,-1.14488973790859,1.76212654966145,0.328064297187317,-0.387246076712502,-0.197884634551237,-0.204441716074531,1.47397745990594,-0.90668043251744,-1.03568898163136,-0.651778258208806,-0.01642535934544,-0.697811634692373,0.691236123528655,1.1541925596613,0.451177612998923,0.711764971673027,-0.043522480143575,0.121052473381655,0.546318193196807
"25",-0.478822572989808,0.19623346984855,-0.453143789006027,0.384397485205617,-0.250731153108973,-0.241480706059598,0.658658473155302,-0.131802260913726,-0.0583705683951585,-0.70062613247448,-0.63817771955497,-0.707580633520772,0.351019182439205,-0.520001079664845,0.172335703579332,0.99621717491825,-0.515581892681335,-0.102901465126773,0.132249430895422,0.456188318116675,-0.682142200389478,-0.562520478374024,0.175595870838052,-0.538360776976035,0.324817685872571,-0.366408771516914,-0.232079783615541,0.679585535201027,-0.033917472781716,0.0420297168723835,-0.703095904468584,-0.640814852874846,-0.711493887953711,0.302307671430392,0.139379860569138,0.893463701463936,-0.690284261191073,-0.00262415739053101,0.252976980452791,0.518204310319138,-0.509104062945239,-0.693456897060457,0.694154529195128,0.283249401606019,0.73079745814176,0.259882259960349,-0.0720478440688059,-0.539984955118777,-0.615413991563239,-0.569537280364767,0.700505125594737,-0.197543029731931,0.446643753749835,0.549191340056705,0.42426315436115,0.0153996991395115,1.54821770652282,0.193160315942012,-0.425912898860669,-0.42725265884565,-0.729699694403843,0.883791837484518,0.563351064108501,0.91634877891439,0.481736245941712,0.007797970278809,-0.638908640528233,0.0759190061846057,-0.591840782528794,1.67127642180305,0.917635239872805,1.40570344138728,1.44732207606282,-0.158954529810668,-0.12131747289375,-0.869126177875452,0.550453911652869,0.293361319999272,-0.180018354056086,-0.0638308664856283,1.26689105890759,-0.859673407822025,0.669413157739909,1.27833796603286,0.666254662308746,0.629743820761781,0.719620473027397,-0.542865937077104,0.215172561276417,-0.370961998869776,-1.42565726491835,1.08668507626619,0.647688819682385,0.189151228822011,-0.16935644455628,0.77379691494002,0.255631534750674,0.77378719771738,0.572488827797178,-0.120609138763521,0.047125447083168,1.18312917969959,-0.765664753906837,0.601289207960674,1.20056054300015,0.691060859390069,0.660196192886962,0.756298078472024,-0.261710555241267,-0.211583783854826,-1.1364246407787,1.20725814546857,0.560940720855356,0.0770147317692563,-0.236590840205676,0.270316542900788,0.971866671346397,-1.11701501507733,-0.807268518077533,-1.02429944811763,-0.527423490039889,0.460849625008159,-0.0887138343366795,0.879947388774221,0.973901015623063,-1.12026222663312,-0.11086140200518,-0.866770036680212,-0.861437886528392,-0.906110361189703,-0.63337739532249,-1.6836417053626,-0.155064626891577,0.192477604729466,-0.011736916556107,1.04798132578585,-1.26128459397127,-1.10552730241556,-1.71008264974328,-0.483730069334944,-0.453441789386825,0.965093310672635,0.408201689047347,0.37103200679952,-2.13628893070301,-1.22907802254754,-1.80884633812457,-1.6875684460212,0.049325571690551,0.116989859982666,0.867394354720274
"26",-1.25201246122329,0.488769534501817,-0.725782586933714,-0.105167024317379,-1.3537110545585,1.16925627041027,-1.4492159088678,1.66278215813078,0.417143910555727,-0.522393655802892,-0.45728695054339,-0.462627481837204,-1.27899486285864,-0.992776998670704,-1.80437880011762,-0.930961441564077,0.070932831705423,1.61015410879733,1.45680671054378,1.08388480889944,-0.328876995060183,-1.11389145326014,0.495666095958403,-0.755851933411172,-0.100979101466929,-1.44819391834673,1.32081185975099,-1.26411933554375,1.63156804849065,0.50513023359351,-0.53764098005203,-0.478453530669709,-0.437657208126894,-1.23285338381515,-1.73780119257292,-0.059154475031902,-0.338576888773978,1.58682468390041,1.54661395059438,1.21162182240938,0.597609951505549,-0.638316409786729,-0.383337188175961,0.389169824163662,-0.223146105587071,-1.62479490020124,1.50339696829694,0.0817454756057445,-0.795588474097364,-0.710667440971565,1.07518141474631,0.564397374530357,-1.56472737577724,0.853002748052084,0.503183849145105,1.52541160290936,-0.078680597501422,1.04789652652664,-0.16650918715055,0.617509948014381,-0.690275516299068,-0.577771125670211,-0.256556981771691,-1.3149304502388,-0.554368450115364,1.13096397791517,-0.911738066393199,2.77210225053313,-0.758325201094038,3.14638977383531,-0.190359468609245,1.1333429438457,1.25065929538405,4.28958968507792,3.63492636014127,1.22392581464757,0.495962598050463,0.216050802572035,0.547828550234341,0.363856200825306,-1.55561058577171,1.59142062009435,-0.617835600700357,-0.659750460796761,-0.159515922212131,-0.113226284201502,-0.198260540499807,1.83462443966905,0.180306448874901,0.39828747555512,0.183007766821094,0.967270789068427,-0.59863533122409,-0.408773583094515,-0.229147833250083,-0.237210025397018,0.333087346813498,0.509089326297087,0.33704802356274,0.610625724064718,0.504142186269694,-1.67382448909042,1.64981082657834,-0.747340690050329,-0.580949910506027,-0.152252285690222,-0.10641473509797,-0.222954862611025,1.71115657550928,0.719255032682824,-0.0103112989280032,0.879325887804842,-0.709391574276706,-0.546667173994613,-0.379611963097645,-1.32376959260353,0.0643050097918535,1.40910652365992,0.618845652235388,1.29606531747538,0.600141974937701,-1.17580587966158,-0.776985085927114,0.169503473838671,0.436703766586403,0.923243828358965,-1.14740849206079,0.636356250963295,0.782323793633036,-0.422571665738554,-1.71665474387026,-0.113261961184543,-1.12088615774234,0.0416743295243771,-1.0866612354512,0.325233242157842,0.945670403505577,0.855407723591428,1.17715093434479,-0.652824464994216,-1.24235591242982,0.393232450933115,-2.67410997186466,0.396108450313398,-3.8937620948483,-0.607701434341871,-1.91595706255281,-2.11936697459577,-4.15236610492823,-3.52699517460868,-0.356750474215579
"27",1.4924053840498,0.514016052298304,0.667443912349183,-0.496547745457899,-0.361758663794196,0.1681504100902,-0.379174211013331,0.514954898691338,0.264279625602492,0.308570451819689,0.347257092268189,0.345179642307627,-0.00138871967914399,-0.082610787220104,-0.285137470716016,-0.765238913924232,0.722972120207113,0.483901101233051,0.433398129624875,0.189362897250643,0.301689113885461,0.13651286258398,0.304440114432621,0.636344024786639,-0.672346460312638,-0.0874879826961635,0.0544903989953025,-0.238844092945839,0.208070215042179,0.166087997224195,0.276891570707817,0.327420380168684,0.297579583165045,0.105961924545954,0.106640264800286,-0.237860944698722,0.376624378656542,0.18441636393148,0.149955921707604,-0.060721439029184,-0.0117616822127755,0.476715818471388,-0.717960309060866,-0.585396667344905,-0.757907732625101,-0.269501557195822,-0.139989576673055,-0.184045561852289,0.485603970604615,0.692376103693718,-0.139987432494671,-0.402740136206995,-0.134379948847241,-0.164908926977107,-0.188447857737978,0.110340903161708,0.463348465360157,-0.435373318861099,0.44082575563914,-0.174371505978798,0.705521836964737,-0.830789433558441,-0.679202546068195,-0.770145255514352,-1.07980330107287,-0.583390712622226,0.622315977806094,0.0366508627339024,0.196185465346697,0.594953468731566,2.01802609482294,1.99907267409059,1.83976677199571,-0.269274768289454,-0.220522293166993,1.40203976316478,0.081203588598012,2.56854517210444,-0.476912825693056,0.719877356606134,1.67798845292268,-1.02587307103899,0.192626756952484,1.50395292818506,1.67812377379269,1.00808921159232,1.82654296048299,-0.938565680876193,1.18567309971582,-0.372135881504728,-0.161621786442471,-0.491475090347514,0.175010169629189,-0.5013367502038,-1.03643390594679,1.64278387948544,1.69721848747092,-0.060118719022001,2.77962563563275,-1.14515288014378,1.16853023502647,1.35631739819456,-0.903378270650371,0.202549306725353,1.29227409598992,1.85067623277843,1.14581813786229,1.9187801361695,-0.553664386644772,-0.183330741188738,-0.0408383019049054,-0.534247995007055,0.138043395182279,-0.883683101939896,-1.5270263181406,0.625450833836862,2.18543963947448,-0.137513380177638,-0.149961483129545,-0.185204336925541,-0.287370686832752,0.236236595513149,-0.282459976742505,2.11609331655471,2.01978371733278,-1.61080831460482,0.808313087532511,1.13642152048738,-0.39733196640326,-0.811983957889712,-0.958833746927666,-1.53132870166186,0.324898106321019,-0.527988662539952,-0.011703850526225,2.16661868968002,-0.0482068043891881,-0.122294052143745,-0.194793766041683,0.813911972083178,0.872444886959326,1.75471070102135,0.227434066329701,0.626013456868376,-1.395909468527,-2.10198831291772,-2.22782918142299,-1.85951127170122,-0.04794547195811,-0.016613948155386,-0.601623196405753
"28",-1.19794523995301,1.01132457391521,-0.159324626980964,-0.050748576666126,-0.763256761978371,-0.651410100376667,0.732792429178608,-0.029053864486506,-0.670394609739067,0.00464168213213348,0.220053361149861,0.007532858704386,0.899410249538688,-0.744899001793524,-0.350185641246687,-0.225642264596635,0.753756111384261,-0.00819038577299651,0.705775858896006,0.821733618787178,0.151942591591812,-0.696048993198241,1.0800419913178,-0.125063560569744,-0.0680694583758295,-0.646301350996455,-0.605055380321987,0.841289650967567,-0.199336194273316,-0.515975814759228,-0.00674811466022951,0.202630448871115,0.0185570779906715,0.810340379003113,-0.100526439053552,0.151699998067219,0.372483313361284,-0.115351682229322,0.568242705110874,0.740870821582063,-0.840969112846454,-0.069468339146916,0.0977446400926559,-0.178530179299372,0.382734433525977,0.331030585361808,-0.364787234429097,-0.748068621482364,-0.057395263999282,0.086483657407869,2.22172116509314,-0.486659569210985,-0.701165404400984,1.26969966220496,-0.114063136691104,-0.0679598779304185,0.378352827594178,-0.658027591033553,0.817076658085786,-0.534402418706037,-0.220402585622842,-0.160586359884489,-0.111115433150613,0.0153811705777015,-0.479593864419586,-0.398595958463912,-0.390407240847851,-0.615275353216785,-0.41822131745361,-0.689772039598147,-0.31415667547349,-0.650961732994486,-0.673840165007042,-0.389306138615654,-0.452322273549943,0.314976417354146,-3.57804305043789,-0.279524382942176,0.469981339708357,0.757934335616994,-0.264996022170503,-0.874791414343681,0.593891002113695,1.34542116275085,-1.18185411908801,-1.15561633168439,-1.02236292110972,0.163480503216582,0.728990906023743,-0.018813337493399,-0.288306671677993,-2.56841455288266,0.623384448125489,0.09554153554419,-0.534901745226783,2.31554052669995,-0.084755113248401,-0.514765126962684,0.0463428592415454,-0.85709096015072,-0.621078930493336,0.628763185513188,0.144837288827527,-0.994178239164165,-0.434342568863076,-0.0537382008153646,-1.04801647486182,-0.971912004630173,-0.41356500322207,-0.918019720836548,0.807715703689748,-0.219833129980762,-0.0832718052406928,-1.38498958525567,-2.32861857875184,0.157263489261851,2.73162379709279,-0.379814008662442,-0.317729801701329,-1.17971090225274,-1.30024283729379,0.550579773159024,1.50633006695077,-1.37178472189456,-1.03813778289584,-2.37118844727975,0.12333380031521,1.52480943025065,-1.64682118093647,1.39926205926558,-0.262269978851367,-1.44633306389588,-0.698934628789167,-2.05882379045962,1.72231183296255,0.306793392197509,-0.120549957012914,0.62745684583295,1.92056792776431,2.73059981399642,2.7399605639258,0.313308489017057,-0.192349549511879,0.160899969781896,-0.148069749185098,1.42600990687409,3.58004756446673,-0.194867514204677,0.669322896366766,0.311413689324266,-0.810340693548421
"29",-1.02886890990908,0.659848136854331,0.383953908475588,-0.076721811874208,0.181549215734252,0.771722062515176,0.503299210737307,-0.0059156536182455,1.14990608687845,0.44127724230491,0.405912128805868,0.459196850765383,0.0876522234956758,0.0808933061931665,0.456074938560941,0.758154735702296,-0.312506346211391,0.0146615002433537,-0.212992879777905,-0.135792358664464,0.492624329921323,0.024811586278673,0.935764729466041,0.529659063222773,-0.198908626859328,0.061050264309325,0.888961260387219,0.499969185583271,0.267351989535431,1.28328441488081,0.414956517698972,0.386504682234934,0.450677728258772,0.237162032030259,0.359530664586012,0.559378885856171,-0.263316272791584,0.261320628495133,-0.0682651463489417,-0.0795397800771235,-0.713445126280452,0.836843051966765,0.743426595603426,0.0560731096554647,0.754551848370797,0.519765367329683,0.504317568100099,-0.991988736519138,0.965230858398952,0.22646162519903,-0.279078809212109,-0.333147223983591,0.818919411383068,0.0742376914155065,-0.453323716941652,-0.637994071669099,-0.136854346355801,-0.0914158630136006,-0.122013302271255,-0.714266266208541,0.587301721863091,1.38383713261221,0.47009693333132,-0.630432660522057,1.01507292493481,-0.42807972063308,0.781205637683112,1.76970160139583,0.0365189801131721,-0.648659627334148,-0.397766707500988,-0.487558095038862,-0.38882275238554,0.271076265467884,0.882011419621833,-0.135902261893291,0.267502210133901,0.254551775955628,0.477276344606169,-0.481210268175553,-0.433204686610336,0.145979096811563,0.222566102894392,-0.474879533866662,-0.178212892763755,-0.0461102812536104,-0.149326725849883,0.306992163686931,-0.469407758219513,-0.363898137796335,-0.211633240839044,0.219162707290314,0.224488039895096,0.478321781993277,0.479843889866068,-0.07802757536335,-0.306935530854925,0.0171186107894825,0.276071027917734,0.564214678351793,-0.279012351572569,-0.51462556695218,0.20553690643638,-0.0139035807341395,-0.468085943848698,-0.153484797907257,-0.0235562770330515,-0.129552530752991,0.154409440607396,-0.104216211369937,-0.00559827424732162,-0.0193405010029115,0.00380073857056101,0.261900479943749,0.319025835211504,-0.506879278673188,-0.321219498176302,0.641667738725824,0.588289446307925,0.491703386392553,-0.271015327009152,0.119311817968895,-0.189830626384222,-0.494920791598066,0.397743084170357,0.106506107026882,-0.194942556388174,-0.0050460677069224,0.357036328842581,-0.153180545916473,0.0591627566871641,0.773210487551423,-0.437709293146768,0.502649593966286,-0.341385709362099,-0.172089288594131,0.21143268429575,0.90811903793086,0.199123023075887,-1.15190292930455,-0.506639062984599,-0.579064404562475,-1.01050977302115,-0.313817920719108,0.846899335592592,0.989672600291319,0.802834024899897,0.933309700882499,0.00894049228322802,-0.396664861436151,0.156075661349554
